,Acc,AUC,F1,Mcc,Bacc,Precision,Recall
0,0.8942505717277527,0.9611619114875793,0.8878550785930782,0.789357933479227,0.8960061642815649,0.8610883355140686,0.9163392782211304
1,0.8951076865196228,0.962024986743927,0.8852363636363636,0.7891057973184125,0.8956364541400066,0.8701744079589844,0.9008288979530334
2,0.8942435383796692,0.9622348546981812,0.8859252885925288,0.7878046013028056,0.8948134156233669,0.871122419834137,0.9012399911880493
3,0.8934459090232849,0.961259663105011,0.8867537972447899,0.7874233441910187,0.8949591858438448,0.8623248338699341,0.9126072525978088
4,0.8926482200622559,0.9612999558448792,0.8858576577850025,0.7859552766400365,0.89430030557899,0.8601427674293518,0.9131575226783752
