,Acc,AUC,F1,Mcc,Bacc,Precision,Recall
0,0.695026159286499,0.728830099105835,0.6364023265711448,0.38022658951246235,0.685923384633178,0.6916435360908508,0.589332640171051
1,0.6931223273277283,0.7239590883255005,0.6283326127684105,0.3762688940712958,0.682757896748272,0.6958187222480774,0.5727798342704773
2,0.6972870230674744,0.7296566367149353,0.637400228050171,0.384868958552126,0.6878311002270402,0.6965731978416443,0.5874934196472168
3,0.6932412981987,0.727410614490509,0.6418449569324812,0.37703412441875406,0.6858083559828727,0.6810141801834106,0.6069363951683044
4,0.689314603805542,0.7246941328048706,0.6343649348830696,0.36872426743027076,0.6812015528239219,0.6791604161262512,0.5951129794120789
